<application>
  <component name="LafManager">
    <laf themeId="com.github.catppuccin.latte.jetbrains" />
    <lafs-to-previous-schemes>
      <laf-to-scheme laf="Darcula" scheme="_@user_Darcula" />
      <laf-to-scheme laf="LIGHT_CUSTOM" scheme="_@user_Darcula" />
      <laf-to-scheme laf="com.github.catppuccin.frappe.jetbrains" scheme="_@user_Catppuccin Latte" />
      <laf-to-scheme laf="com.github.catppuccin.macchiato.jetbrains" scheme="_@user_Catppuccin Mocha" />
    </lafs-to-previous-schemes>
  </component>
</application>