<application>
  <component name="SonarLintGlobalSettings">
    <option name="nodejsPath" value="/opt/homebrew/Cellar/node/23.10.0_1/bin/node" />
    <option name="secretsNeverBeenAnalysed" value="false" />
    <option name="sonarQubeServers">
      <list>
        <SonarQubeServer>
          <option name="hostUrl" value="https://sonarqube.se-charter.net/" />
          <token>dfd9dfdbdfdfdff5dfc9df98df9edf9adf9adfcbdf99df99df93df9ddf98df99df9fdf9bdf9bdf92df93df98dfcbdf99df9fdf92df92dfcedfccdf9bdf9edfcfdf9edf98df9fdf9edf9edf9adf9edfcedf9ddf9adfc8df9c</token>
          <option name="name" value="sonar" />
          <disableNotifications>true</disableNotifications>
        </SonarQubeServer>
      </list>
    </option>
    <rules />
  </component>
</application>