<application>
  <component name="Trusted.Paths">
    <option name="TRUSTED_PROJECT_PATHS">
      <map>
        <entry key="$USER_HOME$/repos/common-autotest" value="true" />
        <entry key="$USER_HOME$/repos/cpe-validation-rules-engine" value="true" />
        <entry key="$USER_HOME$/repos/environment-config" value="true" />
        <entry key="$USER_HOME$/repos/event-flow" value="true" />
        <entry key="$USER_HOME$/repos/event-streamer" value="true" />
        <entry key="$USER_HOME$/repos/event-streamer-autotest" value="true" />
        <entry key="$USER_HOME$/repos/event-streamer-dlpqs-dhcp-lease-config" value="true" />
        <entry key="$USER_HOME$/repos/event-streamer-scp-plume-config" value="true" />
        <entry key="$USER_HOME$/repos/gitlab-pipeline-templates" value="true" />
        <entry key="$USER_HOME$/repos/harness-nextgen" value="true" />
        <entry key="$USER_HOME$/repos/ingress-nginx" value="true" />
        <entry key="$USER_HOME$/repos/mdpo-common-library" value="true" />
        <entry key="$USER_HOME$/repos/mdpo-context-resolver" value="true" />
        <entry key="$USER_HOME$/repos/mdpo-context-resolver-config" value="true" />
        <entry key="$USER_HOME$/repos/mdpo-diagnostics" value="true" />
        <entry key="$USER_HOME$/repos/mdpo-e2e-autotest" value="true" />
        <entry key="$USER_HOME$/repos/mdpo-eligibility-validator" value="true" />
        <entry key="$USER_HOME$/repos/mdpo-eligibility-validator-autotest" value="true" />
        <entry key="$USER_HOME$/repos/mdpo-eligibility-validator-config" value="true" />
        <entry key="$USER_HOME$/repos/mdpo-execution-engine" value="true" />
        <entry key="$USER_HOME$/repos/mdpo-micro-service" value="true" />
        <entry key="$USER_HOME$/repos/mdpo-mongo-indexes" value="true" />
        <entry key="$USER_HOME$/repos/mdpo-msb-api" value="true" />
        <entry key="$USER_HOME$/repos/mdpo-msb-evaluator" value="true" />
        <entry key="$USER_HOME$/repos/mdpo-rules-engine" value="true" />
        <entry key="$USER_HOME$/repos/mdpo-rules-engine-autotest" value="true" />
        <entry key="$USER_HOME$/repos/mdpo-rules-engine-config" value="true" />
        <entry key="$USER_HOME$/repos/mdpo-state-engine" value="true" />
        <entry key="$USER_HOME$/repos/mdpo-state-reader" value="true" />
        <entry key="$USER_HOME$/repos/mdpo-state-reader-autotest" value="true" />
        <entry key="$USER_HOME$/repos/mdpo-state-reader-config" value="true" />
        <entry key="$USER_HOME$/repos/mdpo-state-writer" value="true" />
        <entry key="$USER_HOME$/repos/mdpo-state-writer-autotest" value="true" />
        <entry key="$USER_HOME$/repos/mdpo-wire-mock" value="true" />
        <entry key="$USER_HOME$/repos/network-topology-facade" value="true" />
        <entry key="$USER_HOME$/repos/network-topology-facade-autotest" value="true" />
        <entry key="$USER_HOME$/repos/network-topology-facade-config" value="true" />
        <entry key="$USER_HOME$/temp/event-flow" value="true" />
        <entry key="$USER_HOME$/temp/mdpo-common-library" value="true" />
        <entry key="$USER_HOME$/temp/mdpo-eligibility-validator" value="true" />
        <entry key="$USER_HOME$/temp/mdpo-msb-evaluator" value="true" />
        <entry key="$USER_HOME$/temp/mdpo-rules-engine" value="true" />
        <entry key="$USER_HOME$/temp/mdpo-state-engine" value="true" />
        <entry key="$USER_HOME$/temp/mdpo-state-reader" value="true" />
      </map>
    </option>
  </component>
  <component name="Trusted.Paths.Settings">
    <option name="TRUSTED_PATHS">
      <list>
        <option value="$USER_HOME$/repos" />
        <option value="$USER_HOME$/temp" />
      </list>
    </option>
  </component>
</application>