<application>
  <component name="DimensionService">
    <location key="find.popup.0.0.3456.2234@192dpi" x="1072" y="360" />
    <location key="find.popup.-1920.-113.1920.1080" x="-1222" y="40" />
    <location key="find.popup.-3840.-113.1920.1080" x="-3659" y="68" />
    <location key="find.popup.1312.-113.1920.1080" x="1907" y="34" />
    <location key="find.popup.1312.-592.2560.1440" x="1905" y="-427" />
    <location key="find.popup.0.0.2992.1934@192dpi" x="500" y="328" />
    <location key="find.popup.-3840.0.1920.1080" x="-3519" y="156" />
    <location key="find.popup.-1920.0.1920.1080" x="-1618" y="154" />
    <location key="find.popup.2624.-1688.6016.3384@192dpi" x="4018" y="-1300" />
    <size key="find.popup.0.0.3456.2234@192dpi" width="2014" height="1370" />
    <size key="GridCell.Tab.0.left.0.0.3456.2234@192dpi" width="3324" height="838" />
    <size key="GridCell.Tab.0.center.0.0.3456.2234@192dpi" width="3324" height="838" />
    <size key="GridCell.Tab.0.right.0.0.3456.2234@192dpi" width="3324" height="838" />
    <size key="GridCell.Tab.0.bottom.0.0.3456.2234@192dpi" width="3324" height="838" />
    <size key="GridCell.Tab.0.left.-1920.-113.1920.1080" width="1854" height="234" />
    <size key="GridCell.Tab.0.center.-1920.-113.1920.1080" width="1854" height="234" />
    <size key="GridCell.Tab.0.right.-1920.-113.1920.1080" width="1854" height="234" />
    <size key="GridCell.Tab.0.bottom.-1920.-113.1920.1080" width="1854" height="234" />
    <size key="find.popup.-1920.-113.1920.1080" width="1049" height="741" />
    <size key="find.popup.-3840.-113.1920.1080" width="1406" height="721" />
    <size key="find.popup.1312.-113.1920.1080" width="972" height="681" />
    <size key="GridCell.Tab.0.left.1312.-113.1920.1080" width="1854" height="303" />
    <size key="GridCell.Tab.0.center.1312.-113.1920.1080" width="1854" height="303" />
    <size key="GridCell.Tab.0.right.1312.-113.1920.1080" width="1854" height="303" />
    <size key="GridCell.Tab.0.bottom.1312.-113.1920.1080" width="1854" height="303" />
    <size key="GridCell.Tab.1.left.1312.-113.1920.1080" width="1854" height="405" />
    <size key="GridCell.Tab.1.center.1312.-113.1920.1080" width="1854" height="405" />
    <size key="GridCell.Tab.1.right.1312.-113.1920.1080" width="1854" height="405" />
    <size key="GridCell.Tab.1.bottom.1312.-113.1920.1080" width="1854" height="405" />
    <size key="GridCell.Tab.0.left.1312.-113.2560.1440" width="2494" height="303" />
    <size key="GridCell.Tab.0.center.1312.-113.2560.1440" width="2494" height="303" />
    <size key="GridCell.Tab.0.right.1312.-113.2560.1440" width="2494" height="303" />
    <size key="GridCell.Tab.0.bottom.1312.-113.2560.1440" width="2494" height="303" />
    <size key="GridCell.Tab.1.left.1312.-113.2560.1440" width="2494" height="626" />
    <size key="GridCell.Tab.1.center.1312.-113.2560.1440" width="2494" height="626" />
    <size key="GridCell.Tab.1.right.1312.-113.2560.1440" width="2494" height="626" />
    <size key="GridCell.Tab.1.bottom.1312.-113.2560.1440" width="2494" height="626" />
    <size key="GridCell.Tab.0.left.1312.-592.2560.1440" width="2494" height="645" />
    <size key="GridCell.Tab.0.center.1312.-592.2560.1440" width="2494" height="645" />
    <size key="GridCell.Tab.0.right.1312.-592.2560.1440" width="2494" height="645" />
    <size key="GridCell.Tab.0.bottom.1312.-592.2560.1440" width="2494" height="645" />
    <size key="GridCell.Tab.1.left.1312.-592.2560.1440" width="2494" height="287" />
    <size key="GridCell.Tab.1.center.1312.-592.2560.1440" width="2494" height="287" />
    <size key="GridCell.Tab.1.right.1312.-592.2560.1440" width="2494" height="287" />
    <size key="GridCell.Tab.1.bottom.1312.-592.2560.1440" width="2494" height="287" />
    <size key="find.popup.1312.-592.2560.1440" width="1578" height="920" />
    <size key="GridCell.Tab.1.left.-1920.-113.1920.1080" width="1854" height="234" />
    <size key="GridCell.Tab.1.center.-1920.-113.1920.1080" width="1854" height="234" />
    <size key="GridCell.Tab.1.right.-1920.-113.1920.1080" width="1854" height="234" />
    <size key="GridCell.Tab.1.bottom.-1920.-113.1920.1080" width="1854" height="234" />
    <size key="GridCell.Tab.1.left.0.0.3456.2234@192dpi" width="3324" height="838" />
    <size key="GridCell.Tab.1.center.0.0.3456.2234@192dpi" width="3324" height="838" />
    <size key="GridCell.Tab.1.right.0.0.3456.2234@192dpi" width="3324" height="838" />
    <size key="GridCell.Tab.1.bottom.0.0.3456.2234@192dpi" width="3324" height="838" />
    <size key="GridCell.Tab.0.left.-3840.-113.1920.1080" width="1854" height="476" />
    <size key="GridCell.Tab.0.center.-3840.-113.1920.1080" width="1854" height="476" />
    <size key="GridCell.Tab.0.right.-3840.-113.1920.1080" width="1854" height="476" />
    <size key="GridCell.Tab.0.bottom.-3840.-113.1920.1080" width="1854" height="476" />
    <size key="GridCell.Tab.1.left.-3840.-113.1920.1080" width="1854" height="476" />
    <size key="GridCell.Tab.1.center.-3840.-113.1920.1080" width="1854" height="476" />
    <size key="GridCell.Tab.1.right.-3840.-113.1920.1080" width="1854" height="476" />
    <size key="GridCell.Tab.1.bottom.-3840.-113.1920.1080" width="1854" height="476" />
    <size key="find.popup.0.0.2992.1934@192dpi" width="1974" height="1288" />
    <size key="GridCell.Tab.0.left.0.0.2992.1934@192dpi" width="3708" height="768" />
    <size key="GridCell.Tab.0.center.0.0.2992.1934@192dpi" width="3708" height="768" />
    <size key="GridCell.Tab.0.right.0.0.2992.1934@192dpi" width="3708" height="768" />
    <size key="GridCell.Tab.0.bottom.0.0.2992.1934@192dpi" width="3708" height="768" />
    <size key="GridCell.Tab.1.left.0.0.2992.1934@192dpi" width="3708" height="768" />
    <size key="GridCell.Tab.1.center.0.0.2992.1934@192dpi" width="3708" height="768" />
    <size key="GridCell.Tab.1.right.0.0.2992.1934@192dpi" width="3708" height="768" />
    <size key="GridCell.Tab.1.bottom.0.0.2992.1934@192dpi" width="3708" height="768" />
    <size key="find.popup.-3840.0.1920.1080" width="1196" height="740" />
    <size key="GridCell.Tab.0.left.-3840.0.1920.1080" width="1854" height="462" />
    <size key="GridCell.Tab.0.center.-3840.0.1920.1080" width="1854" height="462" />
    <size key="GridCell.Tab.0.right.-3840.0.1920.1080" width="1854" height="462" />
    <size key="GridCell.Tab.0.bottom.-3840.0.1920.1080" width="1854" height="462" />
    <size key="GridCell.Tab.1.left.-3840.0.1920.1080" width="1854" height="462" />
    <size key="GridCell.Tab.1.center.-3840.0.1920.1080" width="1854" height="462" />
    <size key="GridCell.Tab.1.right.-3840.0.1920.1080" width="1854" height="462" />
    <size key="GridCell.Tab.1.bottom.-3840.0.1920.1080" width="1854" height="462" />
    <size key="find.popup.-1920.0.1920.1080" width="1254" height="747" />
    <size key="GridCell.Tab.0.left.-1920.0.1920.1080" width="1854" height="605" />
    <size key="GridCell.Tab.0.center.-1920.0.1920.1080" width="1854" height="605" />
    <size key="GridCell.Tab.0.right.-1920.0.1920.1080" width="1854" height="605" />
    <size key="GridCell.Tab.0.bottom.-1920.0.1920.1080" width="1854" height="605" />
    <size key="GridCell.Tab.1.left.-1920.0.1920.1080" width="1854" height="334" />
    <size key="GridCell.Tab.1.center.-1920.0.1920.1080" width="1854" height="334" />
    <size key="GridCell.Tab.1.right.-1920.0.1920.1080" width="1854" height="334" />
    <size key="GridCell.Tab.1.bottom.-1920.0.1920.1080" width="1854" height="334" />
    <size key="GridCell.Tab.0.left.2624.-1688.6016.3384@192dpi" width="5884" height="1210" />
    <size key="GridCell.Tab.0.center.2624.-1688.6016.3384@192dpi" width="5884" height="1210" />
    <size key="GridCell.Tab.0.right.2624.-1688.6016.3384@192dpi" width="5884" height="1210" />
    <size key="GridCell.Tab.0.bottom.2624.-1688.6016.3384@192dpi" width="5884" height="1210" />
    <size key="GridCell.Tab.1.left.2624.-1688.6016.3384@192dpi" width="5884" height="838" />
    <size key="GridCell.Tab.1.center.2624.-1688.6016.3384@192dpi" width="5884" height="838" />
    <size key="GridCell.Tab.1.right.2624.-1688.6016.3384@192dpi" width="5884" height="838" />
    <size key="GridCell.Tab.1.bottom.2624.-1688.6016.3384@192dpi" width="5884" height="838" />
    <size key="find.popup.2624.-1688.6016.3384@192dpi" width="3708" height="2162" />
  </component>
  <component name="WindowManager">
    <frame x="1312" y="-844" width="3008" height="1692" extendedState="6" fullScreen="true" />
  </component>
  <component name="WindowStateApplicationService">
    <state width="995" height="181" key="ShowUsagesActions.dimensionServiceKey" timestamp="1744928377098">
      <screen x="0" y="30" width="1312" height="818" />
    </state>
    <state width="1295" height="128" key="ShowUsagesActions.dimensionServiceKey/0.30.1312.818/-1920.0.1920.1080/-3840.25.1920.1055" timestamp="1744046973713" />
    <state width="1318" height="128" key="ShowUsagesActions.dimensionServiceKey/0.30.1312.818/-3840.0.1920.1080/-1920.25.1920.1055" timestamp="1743451269237" />
    <state width="893" height="408" key="ShowUsagesActions.dimensionServiceKey/0.30.1312.818/-3840.25.1920.1055/-1920.0.1920.1080" timestamp="1743525777833" />
    <state width="840" height="125" key="ShowUsagesActions.dimensionServiceKey/0.30.1312.818/1312.-113.1920.1080" timestamp="1738792340666" />
    <state width="840" height="349" key="ShowUsagesActions.dimensionServiceKey/0.30.1312.818/1312.-113.2560.1440" timestamp="1738792656587" />
    <state width="1002" height="184" key="ShowUsagesActions.dimensionServiceKey/0.30.1312.818/1312.-592.2560.1440" timestamp="1744407935086" />
    <state width="995" height="181" key="ShowUsagesActions.dimensionServiceKey/0.30.1312.818/1312.-844.3008.1692" timestamp="1744928377098" />
    <state width="1042" height="922" key="ShowUsagesActions.dimensionServiceKey/0.32.1728.1085" timestamp="1744839105439" />
    <state width="1151" height="212" key="ShowUsagesActions.dimensionServiceKey/0.34.1496.933/-1920.-113.1920.1080/-3840.-88.1920.1055" timestamp="1744752947538" />
    <state width="1330" height="237" key="ShowUsagesActions.dimensionServiceKey/0.34.1496.933/-3840.-113.1920.1080/-1920.-88.1920.1055" timestamp="1740783817294" />
    <state width="991" height="100" key="ShowUsagesActions.dimensionServiceKey/0.34.1496.933/-3840.-88.1920.1055/-1920.-113.1920.1080" timestamp="1744663343747" />
    <state x="863" y="521" width="925" height="766" key="WELCOME_SCREEN" timestamp="1744230758384">
      <screen x="0" y="38" width="1728" height="1079" />
    </state>
    <state x="748" y="453" width="800" height="650" key="WELCOME_SCREEN/0.34.1496.933/-3840.-88.1920.1055/-1920.-88.1920.1055" timestamp="1741192274398" />
    <state x="863" y="521" width="925" height="766" key="WELCOME_SCREEN/0.38.1728.1079" timestamp="1744230758384" />
    <state width="395" height="464" key="manage.recent.projects.popup" timestamp="1744929683647">
      <screen x="0" y="30" width="1312" height="818" />
    </state>
    <state width="450" height="533" key="manage.recent.projects.popup/0.28.1496.939/-1920.-113.1920.1080/-3840.-88.1920.1055" timestamp="1741992737437" />
    <state width="502" height="446" key="manage.recent.projects.popup/0.30.1312.818/-1920.0.1920.1080/-3840.25.1920.1055" timestamp="1744064045884" />
    <state width="228" height="391" key="manage.recent.projects.popup/0.30.1312.818/-3840.0.1920.1080/-1920.25.1920.1055" timestamp="1743458246968" />
    <state width="505" height="465" key="manage.recent.projects.popup/0.30.1312.818/-3840.25.1920.1055/-1920.0.1920.1080" timestamp="1743452412405" />
    <state width="447" height="451" key="manage.recent.projects.popup/0.30.1312.818/1312.-113.1920.1080" timestamp="1738790923752" />
    <state width="228" height="391" key="manage.recent.projects.popup/0.30.1312.818/1312.-567.2560.1415" timestamp="1744405912947" />
    <state width="447" height="451" key="manage.recent.projects.popup/0.30.1312.818/1312.-592.2560.1440" timestamp="1744406386074" />
    <state width="395" height="464" key="manage.recent.projects.popup/0.30.1312.818/1312.-844.3008.1692" timestamp="1744929683647" />
    <state width="300" height="518" key="manage.recent.projects.popup/0.32.1728.1085" timestamp="1744404241329" />
    <state width="450" height="529" key="manage.recent.projects.popup/0.34.1496.933/-1920.-113.1920.1080/-3840.-88.1920.1055" timestamp="1744738679813" />
    <state width="261" height="447" key="manage.recent.projects.popup/0.34.1496.933/-3840.-113.1920.1080/-1920.-88.1920.1055" timestamp="1740768902500" />
    <state width="427" height="469" key="manage.recent.projects.popup/0.34.1496.933/-3840.-88.1920.1055/-1920.-113.1920.1080" timestamp="1744663897435" />
    <state width="301" height="516" key="manage.recent.projects.popup/0.38.1728.1079" timestamp="1738695737306" />
    <state width="662" height="589" key="manage.recent.projects.popup/0.38.1728.1079/4288.-298.2560.1415/1728.-323.2560.1440" timestamp="1744126688148" />
  </component>
</application>