<keymap version="1" name="IntelliJ IDEA Classic copy" parent="Mac OS X">
  <action id="$Copy">
    <keyboard-shortcut first-keystroke="meta c" />
    <keyboard-shortcut first-keystroke="ctrl c" />
  </action>
  <action id="$Paste">
    <keyboard-shortcut first-keystroke="meta v" />
    <keyboard-shortcut first-keystroke="ctrl v" />
  </action>
  <action id="$Redo">
    <keyboard-shortcut first-keystroke="meta y" />
    <keyboard-shortcut first-keystroke="ctrl y" />
  </action>
  <action id="$SelectAll">
    <keyboard-shortcut first-keystroke="ctrl a" />
  </action>
  <action id="ActivateBookmarksToolWindow" />
  <action id="ActivateCommitToolWindow">
    <keyboard-shortcut first-keystroke="ctrl g" />
    <keyboard-shortcut first-keystroke="alt g" />
    <keyboard-shortcut first-keystroke="meta g" />
  </action>
  <action id="ActivateCoverageToolWindow">
    <keyboard-shortcut first-keystroke="meta 2" />
  </action>
  <action id="ActivateDatabaseToolWindow">
    <keyboard-shortcut first-keystroke="meta 2" />
  </action>
  <action id="ActivateFindToolWindow" />
  <action id="ActivateGradleToolWindow">
    <keyboard-shortcut first-keystroke="alt w" />
  </action>
  <action id="ActivateMavenToolWindow">
    <keyboard-shortcut first-keystroke="meta 3" />
  </action>
  <action id="ActivateProjectToolWindow">
    <keyboard-shortcut first-keystroke="meta 1" />
    <keyboard-shortcut first-keystroke="meta q" />
    <keyboard-shortcut first-keystroke="alt q" />
  </action>
  <action id="ActivateServicesToolWindow">
    <keyboard-shortcut first-keystroke="meta 8" />
    <keyboard-shortcut first-keystroke="alt s" />
    <keyboard-shortcut first-keystroke="meta s" />
  </action>
  <action id="ActivateTerminalToolWindow">
    <keyboard-shortcut first-keystroke="alt comma" />
  </action>
  <action id="Adtui.ZoomToFitAction">
    <keyboard-shortcut first-keystroke="meta divide" />
  </action>
  <action id="Annotate">
    <keyboard-shortcut first-keystroke="meta a" />
  </action>
  <action id="Back">
    <keyboard-shortcut first-keystroke="home" />
    <keyboard-shortcut first-keystroke="shift ctrl left" />
  </action>
  <action id="ChangesView.GroupBy.Module" />
  <action id="ChooseRunConfiguration">
    <keyboard-shortcut first-keystroke="shift alt f10" />
    <keyboard-shortcut first-keystroke="meta r" />
  </action>
  <action id="CloseActiveTab">
    <keyboard-shortcut first-keystroke="shift meta f4" />
    <keyboard-shortcut first-keystroke="meta w" />
  </action>
  <action id="CloseAllEditorsButActive">
    <keyboard-shortcut first-keystroke="alt quote" />
  </action>
  <action id="CloseContent">
    <keyboard-shortcut first-keystroke="meta f4" />
    <keyboard-shortcut first-keystroke="meta w" />
    <keyboard-shortcut first-keystroke="ctrl w" />
  </action>
  <action id="CloudCodeGoogle">
    <keyboard-shortcut first-keystroke="ctrl c" />
  </action>
  <action id="CollapseSelection" />
  <action id="Compare.SameVersion">
    <keyboard-shortcut first-keystroke="ctrl d" />
    <keyboard-shortcut first-keystroke="alt d" />
    <keyboard-shortcut first-keystroke="meta d" />
  </action>
  <action id="CompareTwoFiles" />
  <action id="Console.TableResult.DeleteRows" />
  <action id="Diff.ApplyLeftSide" />
  <action id="Diff.ApplyRightSide" />
  <action id="Diff.NextChange" />
  <action id="Diff.PrevChange" />
  <action id="Diff.ShowDiff" />
  <action id="DuplicatesForm.SendToRight" />
  <action id="Editor Copy">
    <keyboard-shortcut first-keystroke="ctrl c" />
  </action>
  <action id="Editor Paste">
    <keyboard-shortcut first-keystroke="ctrl v" />
  </action>
  <action id="Editor Redo">
    <keyboard-shortcut first-keystroke="meta y" />
    <keyboard-shortcut first-keystroke="ctrl y" />
  </action>
  <action id="Editor SelectAll">
    <keyboard-shortcut first-keystroke="ctrl a" />
  </action>
  <action id="EditorChooseLookupItemDot" />
  <action id="EditorCopy">
    <keyboard-shortcut first-keystroke="meta c" />
    <keyboard-shortcut first-keystroke="ctrl c" />
  </action>
  <action id="EditorDecreaseFontSizeGlobal">
    <keyboard-shortcut first-keystroke="shift alt comma" />
    <keyboard-shortcut first-keystroke="shift alt minus" />
  </action>
  <action id="EditorDeleteLine" />
  <action id="EditorDuplicate" />
  <action id="EditorIncreaseFontSizeGlobal">
    <keyboard-shortcut first-keystroke="shift alt period" />
    <keyboard-shortcut first-keystroke="shift alt equals" />
  </action>
  <action id="EditorLineStart">
    <keyboard-shortcut first-keystroke="meta left" />
  </action>
  <action id="EditorPaste">
    <keyboard-shortcut first-keystroke="meta v" />
    <keyboard-shortcut first-keystroke="ctrl v" />
  </action>
  <action id="EditorSelectWord" />
  <action id="Exit" />
  <action id="ExternalSystem.ProjectRefreshAction" />
  <action id="FileChooser.GotoDesktop" />
  <action id="FileChooser.GotoModule" />
  <action id="FileChooser.GotoProject" />
  <action id="FileChooserList.Root" />
  <action id="Find">
    <keyboard-shortcut first-keystroke="meta f" />
    <keyboard-shortcut first-keystroke="alt f3" />
    <keyboard-shortcut first-keystroke="ctrl f" />
  </action>
  <action id="FindInPath">
    <keyboard-shortcut first-keystroke="shift ctrl f" />
    <keyboard-shortcut first-keystroke="shift meta f" />
  </action>
  <action id="ForceOthersToFollowAction" />
  <action id="Forward">
    <mouse-shortcut keystroke="button5" />
    <keyboard-shortcut first-keystroke="shift ctrl right" />
  </action>
  <action id="GotoLine" />
  <action id="GotoParagraph" />
  <action id="GotoRow" />
  <action id="Graph.ActualSize">
    <keyboard-shortcut first-keystroke="meta divide" />
  </action>
  <action id="GuiDesigner.QuickJavadoc">
    <mouse-shortcut keystroke="control button2" />
    <keyboard-shortcut first-keystroke="alt j" />
  </action>
  <action id="HippieBackwardCompletion" />
  <action id="HippieCompletion" />
  <action id="Images.Editor.ActualSize">
    <keyboard-shortcut first-keystroke="meta divide" />
  </action>
  <action id="Images.Thumbnails.Hide">
    <keyboard-shortcut first-keystroke="meta f4" />
  </action>
  <action id="ImplementMethods">
    <keyboard-shortcut first-keystroke="meta i" />
    <keyboard-shortcut first-keystroke="ctrl i" />
  </action>
  <action id="ManageRecentProjects">
    <keyboard-shortcut first-keystroke="meta m" />
  </action>
  <action id="MinimizeCurrentWindow" />
  <action id="MoveLineDown">
    <keyboard-shortcut first-keystroke="shift alt down" />
    <keyboard-shortcut first-keystroke="shift meta down" />
  </action>
  <action id="MoveLineUp">
    <keyboard-shortcut first-keystroke="shift alt up" />
    <keyboard-shortcut first-keystroke="shift meta up" />
  </action>
  <action id="MoveStatementDown" />
  <action id="MoveStatementUp" />
  <action id="MoveTabDown">
    <keyboard-shortcut first-keystroke="alt period" />
  </action>
  <action id="MoveTabRight">
    <keyboard-shortcut first-keystroke="alt slash" />
  </action>
  <action id="NavBar-selectHome" />
  <action id="NextEditorTab" />
  <action id="NoteMoveLineUp">
    <keyboard-shortcut first-keystroke="shift alt up" />
    <keyboard-shortcut first-keystroke="shift meta up" />
  </action>
  <action id="OpenFile">
    <keyboard-shortcut first-keystroke="shift ctrl o" />
  </action>
  <action id="OptimizeImports">
    <keyboard-shortcut first-keystroke="shift meta o" />
  </action>
  <action id="PreviousEditorTab" />
  <action id="QuickJavaDoc">
    <mouse-shortcut keystroke="control button2" />
  </action>
  <action id="RearrangeCode">
    <keyboard-shortcut first-keystroke="shift meta r" />
  </action>
  <action id="Replace" />
  <action id="Run">
    <keyboard-shortcut first-keystroke="shift f10" />
    <keyboard-shortcut first-keystroke="alt r" />
  </action>
  <action id="RunAnything">
    <keyboard-shortcut first-keystroke="meta period" />
  </action>
  <action id="SaveAll" />
  <action id="SelectAllOccurrences">
    <keyboard-shortcut first-keystroke="ctrl meta g" />
    <keyboard-shortcut first-keystroke="shift meta j" />
  </action>
  <action id="SelectNextOccurrence">
    <keyboard-shortcut first-keystroke="meta j" />
  </action>
  <action id="SendEOF" />
  <action id="ShowNavBar" />
  <action id="ShowReformatFileDialog">
    <keyboard-shortcut first-keystroke="shift meta l" />
  </action>
  <action id="ShowSettings" />
  <action id="SmartSelect" />
  <action id="SonarLint.AnalyzeAllFiles">
    <keyboard-shortcut first-keystroke="alt a" />
  </action>
  <action id="TableResult.GrowSelection" />
  <action id="Terminal.CopySelectedText">
    <keyboard-shortcut first-keystroke="meta c" />
    <keyboard-shortcut first-keystroke="meta insert" />
    <keyboard-shortcut first-keystroke="ctrl c" />
  </action>
  <action id="Terminal.NextSplitter">
    <keyboard-shortcut first-keystroke="alt tab" />
  </action>
  <action id="Terminal.Paste">
    <keyboard-shortcut first-keystroke="meta v" />
    <keyboard-shortcut first-keystroke="shift insert" />
    <keyboard-shortcut first-keystroke="ctrl v" />
  </action>
  <action id="Terminal.SplitHorizontally">
    <keyboard-shortcut first-keystroke="alt period" />
  </action>
  <action id="Terminal.SplitVertically">
    <keyboard-shortcut first-keystroke="alt slash" />
  </action>
  <action id="TodoViewGroupByShowModules" />
  <action id="ToggleZenMode">
    <keyboard-shortcut first-keystroke="alt z" />
  </action>
  <action id="UsageFiltering.Imports" />
  <action id="UsageFiltering.WriteAccess" />
  <action id="UsageGrouping.DirectoryStructure" />
  <action id="UsageGrouping.FileStructure" />
  <action id="UsageGrouping.Module" />
  <action id="Vcs.Log.ShowTooltip">
    <mouse-shortcut keystroke="control button2" />
  </action>
  <action id="Vcs.QuickListPopupAction" />
  <action id="Vcs.ShowMessageHistory">
    <keyboard-shortcut first-keystroke="meta e" />
  </action>
  <action id="Vcs.ShowTabbedFileHistory">
    <keyboard-shortcut first-keystroke="meta h" />
  </action>
  <action id="XDebugger.MoveWatchDown">
    <keyboard-shortcut first-keystroke="shift alt down" />
  </action>
</keymap>