<application>
  <component name="FindSettings">
    <option name="customScope" value="Project Files" />
    <option name="defaultScopeName" value="Project Files" />
    <option name="SEARCH_SCOPE" value="Project Files" />
    <mask>*.css</mask>
    <mask>*.html</mask>
    <mask>*.jsp</mask>
    <mask>*.properties</mask>
    <mask>*.feature</mask>
    <mask>*.avsc</mask>
    <mask>*.json</mask>
    <mask>*.xml</mask>
    <mask>*.yaml</mask>
    <mask>*.yml</mask>
    <mask>*.java</mask>
    <mask>*.puml</mask>
  </component>
</application>