<application>
  <component name="MaterialThemeConfig">
    <option name="compactTables" value="true" />
    <option name="compactDropdowns" value="true" />
    <option name="isCompactMenus" value="true" />
    <option name="isCompactStatusBar" value="true" />
    <option name="isCompactTables" value="true" />
    <option name="isCompactFields" value="true" />
    <option name="pristineConfig" value="false" />
    <option name="settingsSelectedTab" value="1" />
    <option name="accentColor" value="79c0ff" />
    <option name="selectedTheme" value="NATIVE" />
    <option name="userId" value="7c57a8a0:194adcf7295:-8000" />
    <option name="version" value="8.13.2" />
  </component>
</application>