<application>
  <component name="ProjectManager">
    <defaultProject>
      <component name="PropertiesComponent"><![CDATA[{
  "keyToString": {
    "settings.editor.selected.configurable": "JFrogGlobal"
  }
}]]></component>
      <component name="WindowStateProjectService">
        <state x="789" y="364" key="SettingsEditor" timestamp="1691091126962">
          <screen x="0" y="0" width="2560" height="1440" />
        </state>
        <state x="789" y="364" key="SettingsEditor/2560.-1168.1692.2983/0.0.2560.1440" timestamp="1691091126962" />
      </component>
    </defaultProject>
  </component>
</application>