<application>
  <component name="SonarLintGlobalSettings">
    <option name="autoTrigger" value="false" />
    <option name="rulesByKey">
      <map>
        <entry key="java:S2629">
          <value>
            <Rule active="false" key="java:S2629" />
          </value>
        </entry>
      </map>
    </option>
    <option name="sonarQubeServers">
      <list>
        <SonarQubeServer>
          <option name="hostUrl" value="https://sonarqube.se-charter.net/" />
          <token>dfd9dfdbdfdfdff5df92df9cdf98df92dfcbdf98df9ddf9bdf9fdf92df9bdfcfdf9cdfcbdf93dfccdf98df9bdf9bdfcedf98dfcedfccdf93dfc8df9fdf9fdf93dfccdf92dfcbdf9bdf92dfcedf9bdf9bdf93dfc8dfcfdfcc</token>
          <option name="name" value="qube" />
        </SonarQubeServer>
      </list>
    </option>
    <rules>
      <Rule active="false" key="java:S2629" />
    </rules>
  </component>
</application>