<application>
  <component name="SonarLintGlobalSettings">
    <option name="sonarQubeServers">
      <list>
        <SonarQubeServer>
          <option name="hostUrl" value="https://sonarqube.se-charter.net/" />
          <token>dfc8dfcfdfccdfcbdf9ddf93df9bdfccdfccdfc8df92df93df9ddfc9df9fdfccdfcedfcbdfccdf9fdf9bdf9cdfc9dfcbdf9ddf9ddfcbdfcfdf9bdf9ddf92df9adf99dfcedf93dfcedf92df99df9fdf9f</token>
          <option name="name" value="qube" />
        </SonarQubeServer>
      </list>
    </option>
    <rules />
  </component>
</application>