<application>
  <component name="UISettings">
    <option name="CLOSE_TAB_BUTTON_ON_THE_RIGHT" value="false" />
    <option name="compactTreeIndents" value="true" />
    <option name="DISABLE_MNEMONICS" value="false" />
    <option name="FULL_PATHS_IN_TITLE_BAR" value="true" />
    <option name="MAX_LOOKUP_LIST_HEIGHT" value="16" />
    <option name="MAX_LOOKUP_WIDTH2" value="731" />
    <option name="SHOW_MAIN_TOOLBAR" value="true" />
    <option name="SHOW_NAVIGATION_BAR" value="false" />
    <option name="showTreeIndentGuides" value="true" />
    <option name="UI_DENSITY" value="COMPACT" />
  </component>
</application>